year,months,state,colony_max,colony_lost,colony_lost_pct,colony_added,colony_reno,colony_reno_pct
2015,January-March,Alabama,7000,1800,26,2800,250,4
2015,January-March,Arizona,35000,4600,13,3400,2100,6
2015,January-March,Arkansas,14000,1500,11,1200,90,1
2015,January-March,California,1690000,255000,15,250000,124000,7
2015,January-March,Colorado,12500,1500,12,200,140,1
2015,January-March,Florida,315000,42000,13,54000,25000,8
2015,January-March,Georgia,105000,14500,14,47000,9500,9
2015,January-March,Hawaii,10500,380,4,3400,760,7
2015,January-March,Idaho,88000,3700,4,2600,8000,9
2015,January-March,Illinois,10500,4200,40,2300,390,4
2015,January-March,Indiana,9500,2100,22,490,120,1
2015,January-March,Iowa,17500,3100,18,1700,270,2
2015,January-March,Kansas,7000,1600,23,450,70,1
2015,January-March,Louisiana,51000,8000,16,3100,6500,13
2015,January-March,Maryland,10000,4100,41,1600,870,9
2015,January-March,Massachusetts,4600,1000,22,260,120,3
2015,January-March,Michigan,60000,11500,19,7500,2400,4
2015,January-March,Minnesota,74000,3700,5,690,530,1
2015,January-March,Mississippi,76000,8500,11,22000,7500,10
2015,January-March,Missouri,13000,2000,15,220,910,7
2015,January-March,Montana,36000,2200,6,1400,1100,3
2015,January-March,Nebraska,31000,2600,8,120,310,1
2015,January-March,New Jersey,9000,1100,12,570,1600,18
2015,January-March,New Mexico,7000,690,10,190,600,9
2015,January-March,New York,30000,6500,22,430,950,3
2015,January-March,North Carolina,26000,7000,27,6000,690,3
2015,January-March,Ohio,22000,10500,48,5000,3300,15
2015,January-March,Oklahoma,26000,6000,23,2600,260,1
2015,January-March,Oregon,87000,6500,8,4300,2400,3
2015,January-March,South Carolina,17500,2700,15,2700,1400,8
2015,January-March,South Dakota,97000,4600,5,8500,2800,3
2015,January-March,Tennessee,9500,2000,21,1000,190,2
2015,January-March,Texas,250000,26000,10,82000,51000,20
2015,January-March,Utah,24000,3300,14,2500,290,1
2015,January-March,Virginia,9000,2500,28,800,460,5
2015,January-March,Washington,105000,14000,13,13500,9000,9
2015,January-March,West Virginia,6000,1800,30,570,60,1
2015,January-March,Wisconsin,29000,8000,28,3100,2500,9
2015,January-March,Wyoming,12000,2000,17,2000,1400,12
2015,January-March,Other States,8990,2080,23,870,150,2
2015,April-June,Alabama,7500,860,12,1900,680,9
2015,April-June,Arizona,33000,5500,17,19500,7000,21
2015,April-June,Arkansas,13500,1900,14,11500,5500,41
2015,April-June,California,1050000,104000,10,170000,285000,27
2015,April-June,Colorado,25000,1900,8,6000,3500,14
2015,April-June,Connecticut,3000,80,3,1100,150,5
2015,April-June,Florida,215000,35000,16,44000,24000,11
2015,April-June,Georgia,124000,23000,19,25000,19000,15
2015,April-June,Hawaii,13500,120,1,1100,1200,9
2015,April-June,Idaho,72000,6500,9,16500,10500,15
2015,April-June,Illinois,9500,1300,14,6000,1500,16
2015,April-June,Indiana,12500,1300,10,4900,4300,34
2015,April-June,Iowa,24000,1400,6,6500,3100,13
2015,April-June,Kansas,7000,670,10,2800,420,6
2015,April-June,Kentucky,8500,980,12,3600,1500,18
2015,April-June,Louisiana,45000,1800,4,6500,8000,18
2015,April-June,Maine,30000,3200,11,3500,700,2
2015,April-June,Maryland,11000,370,3,2600,710,7
2015,April-June,Massachusetts,14000,320,2,940,510,4
2015,April-June,Michigan,88000,9500,11,13500,5500,6
2015,April-June,Minnesota,125000,12500,10,20000,21000,17
2015,April-June,Mississippi,89000,11000,12,5500,10000,11
2015,April-June,Missouri,12500,500,4,1900,1800,14
2015,April-June,Montana,210000,4200,2,14000,33000,16
2015,April-June,Nebraska,68000,4100,6,15500,4600,7
2015,April-June,New Jersey,19000,1800,10,2100,2900,15
2015,April-June,New Mexico,8500,1000,12,1500,330,4
2015,April-June,New York,34000,1100,3,11000,1500,4
2015,April-June,North Carolina,23000,1800,8,5500,3300,14
2015,April-June,North Dakota,450000,29000,6,39000,61000,14
2015,April-June,Ohio,19000,2100,11,10000,6000,32
2015,April-June,Oklahoma,27000,2200,8,5500,2200,8
2015,April-June,Oregon,95000,5500,6,14500,9500,10
2015,April-June,Pennsylvania,19000,1600,8,8500,2600,14
2015,April-June,South Carolina,18500,950,5,1100,2000,11
2015,April-June,South Dakota,290000,21000,7,27000,23000,8
2015,April-June,Tennessee,7500,730,10,3600,920,12
2015,April-June,Texas,315000,33000,11,76000,94000,30
2015,April-June,Utah,27000,3400,13,10000,3900,14
2015,April-June,Vermont,6000,100,2,580,50,1
2015,April-June,Virginia,7500,270,4,2100,430,6
2015,April-June,Washington,127000,5000,4,15000,13000,10
2015,April-June,West Virginia,4700,570,12,2900,590,13
2015,April-June,Wisconsin,65000,4600,7,10000,5500,9
2015,April-June,Wyoming,25000,3200,13,7500,5000,20
2015,April-June,Other States,11200,1940,17,4140,1960,18
2015,July-September,Alabama,9000,1400,16,160,260,3
2015,July-September,Arizona,40000,6000,15,4300,15500,39
2015,July-September,Arkansas,30000,9000,30,500,210,1
2015,July-September,California,800000,76000,10,40000,93000,12
2015,July-September,Colorado,30000,4500,15,1400,1400,5
2015,July-September,Connecticut,3700,50,1,190,440,12
2015,July-September,Florida,220000,36000,16,37000,29000,13
2015,July-September,Georgia,110000,13000,12,19500,15500,14
2015,July-September,Hawaii,14500,2700,19,1200,5500,38
2015,July-September,Idaho,128000,14000,11,5500,11500,9
2015,July-September,Illinois,14000,1400,10,1300,1100,8
2015,July-September,Indiana,15000,1600,11,1400,420,3
2015,July-September,Iowa,37000,3000,8,640,680,2
2015,July-September,Kansas,9500,1000,11,100,160,2
2015,July-September,Kentucky,10000,1300,13,170,550,6
2015,July-September,Louisiana,55000,2000,4,2300,1800,3
2015,July-September,Maine,6000,450,8,410,140,2
2015,July-September,Maryland,7500,680,9,730,70,1
2015,July-September,Massachusetts,7500,560,8,290,400,5
2015,July-September,Michigan,89000,7000,8,3300,3800,4
2015,July-September,Minnesota,136000,32000,24,640,2300,2
2015,July-September,Missouri,14000,1200,9,700,630,5
2015,July-September,Montana,156000,10500,7,3200,10000,6
2015,July-September,Nebraska,77000,6000,8,500,6000,8
2015,July-September,New Jersey,18500,210,1,190,500,3
2015,July-September,New Mexico,6500,1600,25,1300,650,10
2015,July-September,New York,47000,6500,14,4400,7000,15
2015,July-September,North Carolina,24000,2900,12,2500,1100,5
2015,July-September,North Dakota,500000,93000,19,11000,22000,4
2015,July-September,Ohio,23000,1900,8,2300,880,4
2015,July-September,Oklahoma,22000,230,1,160,190,1
2015,July-September,Oregon,100000,8500,9,8000,21000,21
2015,July-September,Pennsylvania,25000,1800,7,1800,2400,10
2015,July-September,South Carolina,12000,2000,17,880,580,5
2015,July-September,South Dakota,295000,53000,18,2100,13000,4
2015,July-September,Tennessee,10000,1200,12,500,350,4
2015,July-September,Texas,136000,16500,12,5500,4800,4
2015,July-September,Utah,36000,8000,22,1400,2200,6
2015,July-September,Virginia,8000,680,9,520,220,3
2015,July-September,Washington,97000,11500,12,1800,20000,21
2015,July-September,West Virginia,7000,300,4,300,270,4
2015,July-September,Wisconsin,62000,9000,15,1300,4300,7
2015,July-September,Wyoming,35000,2500,7,270,440,1
2015,July-September,Other States,12280,900,7,1050,700,6
2015,October-December,Alabama,8000,610,8,80,60,1
2015,October-December,Arizona,39000,12000,31,3000,16000,41
2015,October-December,California,1260000,149000,12,39000,75000,6
2015,October-December,Connecticut,3200,210,7,40,70,2
2015,October-December,Florida,260000,37000,14,30000,28000,11
2015,October-December,Georgia,121000,18000,15,4400,1900,2
2015,October-December,Hawaii,13000,690,5,2700,760,6
2015,October-December,Idaho,145000,22000,15,5500,5500,4
2015,October-December,Louisiana,71000,4900,7,1100,2400,3
2015,October-December,Massachusetts,4500,260,6,30,30,1
2015,October-December,Michigan,73000,9000,12,210,1600,2
2015,October-December,Mississippi,34000,1500,4,500,230,1
2015,October-December,Nebraska,73000,7000,10,10,5500,8
2015,October-December,New Mexico,6000,290,5,290,30,1
2015,October-December,North Dakota,275000,35000,13,2700,9000,3
2015,October-December,Ohio,19000,2400,13,200,140,1
2015,October-December,Oklahoma,10000,650,7,290,60,1
2015,October-December,Oregon,114000,8500,8,200,1400,1
2015,October-December,Pennsylvania,23000,2500,11,1300,6500,28
2015,October-December,South Carolina,17500,2200,13,640,1000,6
2015,October-December,Tennessee,10000,1100,11,70,420,4
2015,October-December,Texas,250000,25000,10,13000,2000,1
2015,October-December,West Virginia,7000,610,9,190,140,2
2016,January-March,Alabama,7500,1700,23,1200,180,2
2016,January-March,Arizona,30000,4700,16,2200,960,3
2016,January-March,Arkansas,27000,5000,19,4700,2200,8
2016,January-March,California,1410000,210000,15,175000,63000,5
2016,January-March,Florida,265000,45000,17,36000,18500,7
2016,January-March,Georgia,100000,20000,20,28000,6000,6
2016,January-March,Hawaii,15000,280,2,570,1100,7
2016,January-March,Idaho,97000,6500,7,5500,6500,7
2016,January-March,Kentucky,7000,1300,19,110,70,1
2016,January-March,Louisiana,69000,9500,14,7500,5500,8
2016,January-March,Massachusetts,3000,370,12,120,330,11
2016,January-March,Mississippi,77000,6500,8,11000,1700,2
2016,January-March,Missouri,11500,1200,10,930,290,3
2016,January-March,New Jersey,8500,1000,12,80,40,1
2016,January-March,New Mexico,6500,1700,26,10,70,1
2016,January-March,New York,31000,4000,13,140,1400,5
2016,January-March,North Carolina,24000,2500,10,80,840,4
2016,January-March,Ohio,16000,4200,26,760,100,1
2016,January-March,Oklahoma,6000,2900,48,60,510,9
2016,January-March,Oregon,92000,2800,3,3800,1800,2
2016,January-March,Pennsylvania,12500,2900,23,220,340,3
2016,January-March,South Carolina,16500,3400,21,2100,1800,11
2016,January-March,Tennessee,9000,1700,19,100,150,2
2016,January-March,Texas,290000,29000,10,73000,42000,15
2016,January-March,Utah,12500,1700,14,710,100,1
2016,January-March,Virginia,6500,1100,17,500,130,2
2016,January-March,Washington,135000,13000,10,4200,2000,2
2016,April-June,Alabama,8000,930,12,1200,690,9
2016,April-June,Arizona,23000,3700,16,14000,1600,7
2016,April-June,Arkansas,24000,3400,14,12000,1600,7
2016,April-June,California,1150000,108000,9,240000,185000,16
2016,April-June,Colorado,29000,1800,6,9000,680,2
2016,April-June,Connecticut,2500,100,4,390,60,2
2016,April-June,Florida,240000,29000,12,43000,21000,9
2016,April-June,Georgia,111000,11000,10,17500,3600,3
2016,April-June,Idaho,80000,6000,8,19000,5500,7
2016,April-June,Illinois,9000,740,8,2200,380,4
2016,April-June,Indiana,7000,220,3,2700,900,13
2016,April-June,Iowa,26000,2400,9,26000,760,3
2016,April-June,Kansas,6000,960,16,3000,900,15
2016,April-June,Kentucky,6000,450,8,2100,270,5
2016,April-June,Louisiana,53000,4300,8,10000,9500,18
2016,April-June,Maine,25000,4200,17,510,560,2
2016,April-June,Maryland,9000,320,4,2800,400,4
2016,April-June,Massachusetts,8500,300,4,1100,440,5
2016,April-June,Michigan,103000,7500,7,13500,3200,3
2016,April-June,Minnesota,126000,13000,10,24000,4200,3
2016,April-June,Mississippi,90000,3700,4,9000,61000,68
2016,April-June,Missouri,12500,770,6,1800,730,6
2016,April-June,Montana,157000,7000,4,25000,13500,9
2016,April-June,Nebraska,43000,6000,14,8000,28000,65
2016,April-June,New Jersey,18000,1500,8,1900,110,1
2016,April-June,New Mexico,6500,1400,22,2700,100,2
2016,April-June,New York,46000,4000,9,13500,1500,3
2016,April-June,North Carolina,24000,1600,7,10000,550,2
2016,April-June,North Dakota,530000,27000,5,23000,95000,18
2016,April-June,Ohio,16500,1700,10,6000,1100,7
2016,April-June,Oklahoma,13000,310,2,4000,10000,77
2016,April-June,Oregon,132000,4300,3,19000,16000,12
2016,April-June,Pennsylvania,14000,1300,9,6500,1100,8
2016,April-June,South Carolina,13500,1300,10,2200,410,3
2016,April-June,South Dakota,182000,11000,6,15000,13000,7
2016,April-June,Tennessee,8000,580,7,3900,200,3
2016,April-June,Texas,350000,36000,10,74000,54000,15
2016,April-June,Utah,25000,4800,19,12000,7000,28
2016,April-June,Virginia,6500,230,4,2200,480,7
2016,April-June,Washington,143000,6000,4,21000,11500,8
2016,April-June,West Virginia,7000,990,14,2600,160,2
2016,April-June,Wisconsin,78000,5500,7,17500,3600,5
2016,April-June,Wyoming,27000,2600,10,7500,580,2
2016,April-June,Other States,15530,1070,7,3270,270,2
2016,July-September,Alabama,8000,1200,15,440,50,1
2016,July-September,Arizona,32000,6000,19,3200,2600,8
2016,July-September,California,820000,82000,10,33000,78000,10
2016,July-September,Colorado,37000,6500,18,1100,740,2
2016,July-September,Connecticut,3100,270,9,890,180,6
2016,July-September,Florida,220000,25000,11,62000,14500,7
2016,July-September,Georgia,103000,13000,13,12500,2300,2
2016,July-September,Hawaii,13500,600,4,430,820,6
2016,July-September,Idaho,131000,13000,10,1900,2800,2
2016,July-September,Illinois,11000,1300,12,850,310,3
2016,July-September,Indiana,9500,600,6,450,550,6
2016,July-September,Iowa,50000,5500,11,10500,2400,5
2016,July-September,Kansas,8000,2600,33,310,190,2
2016,July-September,Kentucky,7500,1000,13,900,230,3
2016,July-September,Louisiana,60000,7000,12,2600,2100,4
2016,July-September,Maine,5500,420,8,240,140,3
2016,July-September,Michigan,108000,15000,14,11000,9500,9
2016,July-September,Minnesota,138000,26000,19,1300,1900,1
2016,July-September,Mississippi,20000,3300,17,750,740,4
2016,July-September,Missouri,13500,650,5,480,170,1
2016,July-September,Montana,158000,11500,7,4100,6500,4
2016,July-September,Nebraska,47000,8500,18,390,27000,57
2016,July-September,New Mexico,6500,1100,17,2000,1000,15
2016,July-September,New York,56000,10000,18,1900,800,1
2016,July-September,North Carolina,25000,1400,6,1400,1200,5
2016,July-September,North Dakota,550000,71000,13,25000,104000,19
2016,July-September,Ohio,21000,1600,8,980,630,3
2016,July-September,Oklahoma,3700,560,15,30,30,1
2016,July-September,Oregon,112000,7500,7,2900,4300,4
2016,July-September,Pennsylvania,22000,1300,6,680,780,4
2016,July-September,South Dakota,191000,25000,13,4200,9500,5
2016,July-September,Tennessee,10000,950,10,340,290,3
2016,July-September,Texas,143000,12000,8,12500,810,1
2016,July-September,Vermont,6500,400,6,170,50,1
2016,July-September,Virginia,8000,810,10,460,360,5
2016,July-September,Washington,74000,5000,7,7500,2000,3
2016,July-September,West Virginia,7500,190,3,130,220,3
2016,July-September,Wisconsin,75000,12000,16,880,640,1
2016,July-September,Wyoming,40000,7000,18,1800,1000,3
2016,July-September,Other States,11890,1920,16,1690,430,4
2016,October-December,Arizona,31000,6500,21,4600,3100,10
2016,October-December,California,1330000,205000,15,40000,35000,3
2016,October-December,Florida,300000,41000,14,31000,11500,4
2016,October-December,Hawaii,13500,970,7,60,840,6
2016,October-December,Kentucky,7500,950,13,60,80,1
2016,October-December,Louisiana,57000,2000,4,250,340,1
2016,October-December,Missouri,9000,590,7,1400,640,7
2016,October-December,North Dakota,390000,44000,11,13500,2500,1
2016,October-December,Ohio,19500,2100,11,20,140,1
2016,October-December,Oregon,124000,9500,8,1500,1000,1
2016,October-December,Pennsylvania,21000,3100,15,120,180,1
2016,October-December,South Carolina,17000,1300,8,760,370,2
2016,October-December,West Virginia,7500,1000,13,80,60,1
2017,January-March,Alabama,7000,1600,23,570,730,10
2017,January-March,Arkansas,20000,3500,18,430,190,1
2017,January-March,California,1440000,172000,12,215000,92000,6
2017,January-March,Connecticut,3100,380,12,100,110,4
2017,January-March,Florida,265000,30000,11,80000,33000,12
2017,January-March,Georgia,125000,14000,11,36000,21000,17
2017,January-March,Illinois,11000,2900,26,3100,150,1
2017,January-March,Indiana,7500,1900,25,1700,70,1
2017,January-March,Kansas,3800,1000,26,930,380,10
2017,January-March,Kentucky,7000,1300,19,950,430,6
2017,January-March,Louisiana,47000,2700,6,11000,1900,4
2017,January-March,Maryland,9000,2100,23,770,260,3
2017,January-March,Massachusetts,3300,1500,45,120,110,3
2017,January-March,Mississippi,68000,2600,4,23000,7500,11
2017,January-March,Montana,46000,470,1,3100,6000,13
2017,January-March,North Carolina,23000,2500,11,3700,1200,5
2017,January-March,Ohio,17500,4400,25,1300,530,3
2017,January-March,Oklahoma,26000,550,2,9500,1600,6
2017,January-March,Oregon,90000,8000,9,7500,1400,2
2017,January-March,Pennsylvania,18000,4200,23,810,410,2
2017,January-March,South Carolina,17500,1600,9,4700,970,6
2017,January-March,South Dakota,48000,2700,6,1500,440,1
2017,January-March,Tennessee,8500,1600,19,1500,160,2
2017,January-March,Texas,330000,35000,11,148000,68000,21
2017,January-March,Virginia,8000,1400,18,1900,280,4
2017,January-March,West Virginia,8000,800,10,450,100,1
2017,January-March,Other States,6490,1540,24,130,50,1
2017,April-June,Alabama,6500,440,7,1200,500,8
2017,April-June,Arizona,22000,2600,12,12500,3000,14
2017,April-June,Arkansas,17000,1900,11,5000,1300,8
2017,April-June,California,1180000,82000,7,210000,235000,20
2017,April-June,Colorado,29000,3500,12,5500,7500,26
2017,April-June,Connecticut,3000,140,5,2200,350,12
2017,April-June,Florida,250000,25000,10,40000,50000,20
2017,April-June,Georgia,142000,10500,7,21000,33000,23
2017,April-June,Hawaii,12000,60,1,520,910,8
2017,April-June,Idaho,78000,9500,12,24000,31000,40
2017,April-June,Illinois,12500,1200,10,3600,1600,13
2017,April-June,Indiana,11000,1200,11,3000,510,5
2017,April-June,Iowa,23000,2000,9,24000,3900,17
2017,April-June,Kansas,4900,380,8,2500,890,18
2017,April-June,Kentucky,7000,560,8,2900,600,9
2017,April-June,Louisiana,56000,2600,5,4600,9000,16
2017,April-June,Maine,40000,910,2,790,1400,4
2017,April-June,Maryland,9500,190,2,3200,930,10
2017,April-June,Massachusetts,8000,130,2,1900,490,6
2017,April-June,Michigan,79000,4600,6,22000,11500,15
2017,April-June,Minnesota,128000,5000,4,18500,9000,7
2017,April-June,Mississippi,89000,3800,4,5500,42000,47
2017,April-June,Missouri,7500,260,3,1700,1000,13
2017,April-June,Montana,134000,3800,3,15000,20000,15
2017,April-June,Nebraska,63000,640,1,6000,39000,62
2017,April-June,New Jersey,21000,430,2,1600,660,3
2017,April-June,New Mexico,7500,1700,23,2300,3900,52
2017,April-June,New York,41000,1300,3,16000,7500,18
2017,April-June,North Carolina,25000,1600,6,3900,2700,11
2017,April-June,North Dakota,385000,10500,3,19500,37000,10
2017,April-June,Ohio,14500,1100,8,8000,2500,17
2017,April-June,Oklahoma,25000,200,1,6500,1600,6
2017,April-June,Oregon,108000,5000,5,18000,24000,22
2017,April-June,Pennsylvania,16500,510,3,7000,2200,13
2017,April-June,South Carolina,20000,870,4,1900,3700,19
2017,April-June,South Dakota,152000,6000,4,10000,20000,13
2017,April-June,Tennessee,9000,1100,12,2600,1300,14
2017,April-June,Texas,345000,18000,5,43000,148000,43
2017,April-June,Utah,35000,2300,7,14500,10500,30
2017,April-June,Vermont,8000,170,2,390,190,2
2017,April-June,Virginia,9000,1000,11,3100,1100,12
2017,April-June,Washington,132000,6500,5,36000,21000,16
2017,April-June,West Virginia,7500,340,5,3400,2500,33
2017,April-June,Wisconsin,65000,2900,4,13000,6500,10
2017,April-June,Wyoming,30000,1100,4,4800,4100,14
2017,April-June,Other States,7040,150,2,870,840,12
2017,July-September,Alabama,9500,900,9,690,530,6
2017,July-September,Arizona,26000,4100,16,5000,3200,12
2017,July-September,Arkansas,29000,6000,21,4400,410,1
2017,July-September,California,670000,67000,10,73000,74000,11
2017,July-September,Colorado,42000,4300,10,2900,6410,15
2017,July-September,Connecticut,3500,130,4,50,20,1
2017,July-September,Florida,180000,39000,22,39000,42000,23
2017,July-September,Georgia,122000,15500,13,19000,23000,19
2017,July-September,Idaho,116000,12000,10,9000,16500,14
2017,July-September,Illinois,13000,1100,8,710,1200,9
2017,July-September,Indiana,13000,930,7,420,740,6
2017,July-September,Iowa,43000,2200,5,2100,4000,9
2017,July-September,Kansas,7000,1700,24,1400,1000,14
2017,July-September,Kentucky,9000,1600,18,450,700,8
2017,July-September,Louisiana,64000,13500,21,14500,34000,53
2017,July-September,Maine,6000,400,7,210,290,5
2017,July-September,Maryland,8500,1600,19,1300,600,7
2017,July-September,Massachusetts,9000,760,8,790,460,5
2017,July-September,Michigan,109000,17500,16,4300,11500,11
2017,July-September,Minnesota,136000,20000,15,1900,2200,2
2017,July-September,Mississippi,24000,2900,12,250,230,1
2017,July-September,Missouri,9000,580,6,320,310,3
2017,July-September,Montana,161000,18500,11,3100,23000,14
2017,July-September,Nebraska,47000,3700,8,880,13500,29
2017,July-September,New Jersey,16000,420,3,280,110,1
2017,July-September,New Mexico,8500,2500,29,1800,200,2
2017,July-September,New York,59000,6500,11,3100,9000,15
2017,July-September,North Carolina,27000,3300,12,4100,2900,11
2017,July-September,North Dakota,490000,48000,10,24000,100000,20
2017,July-September,Ohio,23000,1800,8,1100,1800,8
2017,July-September,Oklahoma,4400,510,12,80,270,6
2017,July-September,Oregon,101000,13500,13,7500,28000,28
2017,July-September,Pennsylvania,18500,1500,8,6000,1600,9
2017,July-September,South Carolina,14500,1700,12,640,440,3
2017,July-September,South Dakota,159000,16500,10,6000,7500,5
2017,July-September,Tennessee,10000,1700,17,800,960,10
2017,July-September,Texas,115000,15000,13,21000,7500,7
2017,July-September,Utah,35000,6500,19,5500,3200,9
2017,July-September,Vermont,7500,180,2,520,270,4
2017,July-September,Virginia,11500,1200,10,430,430,4
2017,July-September,Washington,92000,17000,18,5500,10500,11
2017,July-September,West Virginia,9000,930,10,440,1900,21
2017,July-September,Wisconsin,75000,12500,17,6000,9000,12
2017,July-September,Wyoming,36000,5500,15,3100,3500,10
2017,July-September,Other States,10000,1070,11,380,650,7
2017,October-December,Alabama,7500,990,13,550,500,7
2017,October-December,Arizona,30000,6500,22,1300,1100,4
2017,October-December,Arkansas,25000,7500,30,2500,440,2
2017,October-December,California,1200000,155000,13,90000,104000,9
2017,October-December,Colorado,34000,7000,21,1500,4000,12
2017,October-December,Connecticut,4000,330,8,190,110,3
2017,October-December,Florida,240000,50000,21,55000,36000,15
2017,October-December,Georgia,145000,21000,14,4300,2200,2
2017,October-December,Hawaii,15000,130,1,970,290,2
2017,October-December,Idaho,164000,9000,5,10000,5000,3
2017,October-December,Illinois,13500,1800,13,140,460,3
2017,October-December,Indiana,11500,1700,15,320,100,1
2017,October-December,Iowa,45000,6500,14,250,3400,8
2017,October-December,Kansas,6500,830,13,140,40,1
2017,October-December,Kentucky,7500,870,12,50,120,2
2017,October-December,Louisiana,60000,2700,5,390,1900,3
2017,October-December,Maine,6000,60,1,220,110,2
2017,October-December,Maryland,10500,1300,12,20,410,4
2017,October-December,Massachusetts,6000,1100,18,120,550,9
2017,October-December,Michigan,88000,11500,13,990,1900,2
2017,October-December,Mississippi,22000,3400,15,280,830,4
2017,October-December,Missouri,9500,820,9,100,230,2
2017,October-December,Montana,121000,13000,11,5500,2900,2
2017,October-December,New Jersey,15500,1200,8,330,270,2
2017,October-December,New York,51000,3900,8,820,460,1
2017,October-December,North Carolina,23000,5000,22,60,290,1
2017,October-December,North Dakota,410000,26000,6,10000,2900,1
2017,October-December,Ohio,18500,2800,15,510,960,5
2017,October-December,Oregon,94000,10000,11,70,18500,20
2017,October-December,Pennsylvania,24000,5500,23,2500,1100,5
2017,October-December,South Carolina,15000,2000,13,1300,750,5
2017,October-December,Tennessee,10500,1300,12,230,320,3
2017,October-December,Texas,285000,20000,7,3200,1900,1
2017,October-December,Virginia,9500,1100,12,300,210,2
2017,October-December,Washington,72000,4000,6,2900,14000,19
2017,October-December,West Virginia,8500,1200,14,70,1600,19
2017,October-December,Wisconsin,55000,8500,15,530,3000,5
2017,October-December,Wyoming,29000,3500,12,2500,320,1
2017,October-December,Other States,6970,360,5,150,240,3
2018,January-March,Alabama,7500,820,11,1200,1500,20
2018,January-March,Arizona,26000,6000,23,810,230,1
2018,January-March,Arkansas,22000,7500,34,540,810,4
2018,January-March,California,1540000,220000,14,200000,132500,9
2018,January-March,Colorado,21000,4900,23,1400,190,1
2018,January-March,Connecticut,2900,140,5,220,330,11
2018,January-March,Florida,255000,35000,14,57000,38000,15
2018,January-March,Georgia,139000,25000,18,29000,39000,28
2018,January-March,Hawaii,15000,1600,11,1200,5100,34
2018,January-March,Idaho,168000,22000,13,2500,2600,2
2018,January-March,Illinois,10500,2400,23,1000,630,6
2018,January-March,Kansas,3700,950,26,500,410,11
2018,January-March,Louisiana,52000,3600,7,4100,320,1
2018,January-March,Maine,1900,240,13,40,30,2
2018,January-March,Massachusetts,3800,1000,26,240,290,8
2018,January-March,Michigan,34000,8000,24,10500,3900,11
2018,January-March,Minnesota,62000,3900,6,13500,2900,5
2018,January-March,Mississippi,32000,2000,6,28000,5500,17
2018,January-March,Missouri,8000,1400,18,1400,50,1
2018,January-March,New Jersey,6500,730,11,180,190,3
2018,January-March,New York,26000,3700,14,400,170,1
2018,January-March,North Carolina,18500,4200,23,2400,260,1
2018,January-March,Ohio,14000,4000,29,300,580,4
2018,January-March,Oklahoma,18000,3700,21,890,240,1
2018,January-March,Oregon,89000,4100,5,17000,3900,4
2018,January-March,Pennsylvania,14500,1500,10,1600,670,5
2018,January-March,South Carolina,14500,1800,12,1900,2800,19
2018,January-March,Tennessee,10000,3000,30,600,470,5
2018,January-March,Texas,290000,22000,8,118000,42000,14
2018,January-March,Virginia,7000,2100,30,540,160,2
2018,January-March,Washington,89000,4600,5,7000,860,1
2018,January-March,West Virginia,8500,2000,24,330,60,1
2018,January-March,Wisconsin,29000,4600,16,2800,1560,5
2018,January-March,Other States,6520,1870,29,160,40,1
2018,April-June,Alabama,8500,810,10,1300,710,8
2018,April-June,Arizona,19500,2600,13,12000,2100,11
2018,April-June,Arkansas,11500,1500,13,14000,1900,17
2018,April-June,California,1190000,70000,6,176000,254000,21
2018,April-June,Colorado,26000,2300,9,9500,4570,18
2018,April-June,Connecticut,3600,120,3,340,170,5
2018,April-June,Florida,280000,48000,17,54000,69000,25
2018,April-June,Georgia,134000,16000,12,34000,16000,12
2018,April-June,Hawaii,14500,280,2,300,3100,21
2018,April-June,Idaho,95000,4800,5,17000,29000,31
2018,April-June,Illinois,10500,2100,20,4700,2800,27
2018,April-June,Indiana,9000,1800,20,4000,730,8
2018,April-June,Iowa,47000,4300,9,15500,4800,10
2018,April-June,Kansas,3900,170,4,1800,2100,54
2018,April-June,Kentucky,6000,450,8,1400,560,9
2018,April-June,Louisiana,48000,970,2,7000,4000,8
2018,April-June,Maine,17000,1100,6,430,880,5
2018,April-June,Maryland,8000,370,5,2400,1200,15
2018,April-June,Massachusetts,7500,260,3,910,350,5
2018,April-June,Michigan,69000,6000,9,18000,8000,12
2018,April-June,Minnesota,108000,6500,6,46000,24000,22
2018,April-June,Mississippi,54000,5000,9,3900,6500,12
2018,April-June,Missouri,7000,390,6,1800,800,11
2018,April-June,Montana,171000,4800,3,26000,20000,12
2018,April-June,Nebraska,40000,2700,7,3100,700,2
2018,April-June,New Jersey,15000,270,2,1200,170,1
2018,April-June,New Mexico,4300,50,1,290,450,10
2018,April-June,New York,36000,3300,9,8000,2300,6
2018,April-June,North Carolina,17500,1200,7,3600,800,5
2018,April-June,North Dakota,430000,11000,3,30000,46000,11
2018,April-June,Ohio,13000,1100,8,9000,1800,14
2018,April-June,Oklahoma,15500,1600,10,9000,6500,42
2018,April-June,Oregon,106000,3400,3,23000,24000,23
2018,April-June,Pennsylvania,19500,1100,6,6000,1600,8
2018,April-June,South Carolina,14000,1300,9,2400,4000,29
2018,April-June,South Dakota,161000,12000,7,21000,65000,40
2018,April-June,Tennessee,8000,1200,15,3200,1300,16
2018,April-June,Texas,310000,31000,10,100000,69000,22
2018,April-June,Utah,26000,1700,7,10000,4100,16
2018,April-June,Vermont,6500,520,8,2600,140,2
2018,April-June,Virginia,5500,490,9,2400,700,13
2018,April-June,Washington,122000,6500,5,19000,18900,15
2018,April-June,West Virginia,7000,490,7,2100,550,8
2018,April-June,Wisconsin,50000,6000,12,12500,6600,13
2018,April-June,Wyoming,22000,2200,10,3100,2300,10
2018,April-June,Other States,7660,260,3,1880,930,12
2018,July-September,Alabama,8500,1700,20,1600,1300,15
2018,July-September,Arizona,31000,8000,26,3200,3100,10
2018,July-September,Arkansas,29000,2300,8,2600,840,3
2018,July-September,California,700000,73000,10,63000,141000,20
2018,July-September,Colorado,35000,5000,14,1500,5000,14
2018,July-September,Connecticut,3200,130,4,80,310,10
2018,July-September,Florida,220000,30000,14,53000,40000,18
2018,July-September,Georgia,138000,17000,12,27000,33000,24
2018,July-September,Hawaii,16500,1800,11,1700,3000,18
2018,July-September,Idaho,101000,14000,14,15000,21000,21
2018,July-September,Illinois,11000,660,6,700,420,4
2018,July-September,Indiana,11500,990,9,520,1200,10
2018,July-September,Iowa,57000,3600,6,1200,990,2
2018,July-September,Kansas,6000,950,16,300,180,3
2018,July-September,Kentucky,7000,840,12,300,660,9
2018,July-September,Louisiana,53000,1900,4,1600,2300,4
2018,July-September,Maine,12500,890,7,60,170,1
2018,July-September,Maryland,7500,360,5,580,680,9
2018,July-September,Massachusetts,10000,2200,22,850,730,7
2018,July-September,Michigan,88000,8000,9,3000,22000,25
2018,July-September,Minnesota,127000,29000,23,1600,6500,5
2018,July-September,Mississippi,16500,2900,18,110,650,4
2018,July-September,Missouri,10000,540,5,260,410,4
2018,July-September,Montana,153000,18500,12,3100,22000,14
2018,July-September,Nebraska,54000,6500,12,8500,5000,9
2018,July-September,New Jersey,14000,320,2,250,220,2
2018,July-September,New Mexico,7000,1200,17,3800,1000,14
2018,July-September,New York,56000,3900,7,3600,3700,7
2018,July-September,North Carolina,18000,2200,12,2600,2000,11
2018,July-September,North Dakota,490000,59000,12,23000,14500,3
2018,July-September,Ohio,16000,1300,8,1300,2100,13
2018,July-September,Oregon,117000,13000,11,3000,49000,42
2018,July-September,Pennsylvania,21000,860,4,2900,2300,11
2018,July-September,South Carolina,11500,1400,12,670,1100,10
2018,July-September,South Dakota,197000,22000,11,8000,6500,3
2018,July-September,Tennessee,9000,900,10,540,1000,11
2018,July-September,Texas,124000,7500,6,7500,9500,8
2018,July-September,Utah,30000,4400,15,970,1400,5
2018,July-September,Vermont,7000,90,1,1200,80,1
2018,July-September,Virginia,7500,610,8,1000,990,13
2018,July-September,Washington,84000,12000,14,7000,3600,4
2018,July-September,West Virginia,8000,520,7,170,1200,15
2018,July-September,Wisconsin,69000,10000,14,2400,3800,6
2018,July-September,Wyoming,34000,3900,11,1800,3900,11
2018,July-September,Other States,9990,890,9,480,440,4
2018,October-December,Alabama,6500,830,13,210,1300,20
2018,October-December,Arizona,27000,5000,19,2200,330,1
2018,October-December,Arkansas,31000,6000,19,110,230,1
2018,October-December,California,1200000,170000,14,86000,46000,4
2018,October-December,Florida,290000,43000,15,53000,20000,7
2018,October-December,Georgia,164000,19500,12,6500,49000,30
2018,October-December,Hawaii,16000,940,6,1700,6000,38
2018,October-December,Idaho,159000,15000,9,9000,910,1
2018,October-December,Illinois,12000,1400,12,600,350,3
2018,October-December,Indiana,9000,3300,37,40,1200,13
2018,October-December,Kentucky,7000,2000,29,60,430,6
2018,October-December,Maine,12000,1400,12,210,880,7
2018,October-December,Maryland,9000,690,8,60,90,1
2018,October-December,Massachusetts,4900,650,13,110,320,7
2018,October-December,Michigan,77000,6000,8,3900,1800,2
2018,October-December,Minnesota,86000,11500,13,2500,590,1
2018,October-December,Missouri,10000,880,9,170,150,2
2018,October-December,Nebraska,45000,5000,11,7000,840,2
2018,October-December,New Jersey,15500,1300,8,30,80,1
2018,October-December,New York,53000,4400,8,1000,1500,3
2018,October-December,North Carolina,16000,2700,17,250,300,2
2018,October-December,Ohio,15500,2100,14,170,450,3
2018,October-December,Oregon,101000,13000,13,10500,12000,12
2018,October-December,Pennsylvania,21000,4000,19,270,1500,7
2018,October-December,South Carolina,12500,1500,12,770,790,6
2018,October-December,Tennessee,8500,1900,22,30,370,4
2018,October-December,Utah,27000,3400,13,180,400,1
2018,October-December,Virginia,7000,1100,16,80,1300,19
2018,October-December,Washington,81000,11000,14,5500,1400,2
2018,October-December,West Virginia,7000,1200,17,50,70,1
2018,October-December,Wisconsin,48000,8500,18,1600,530,1
2018,October-December,Other States,8670,1150,13,20,500,6
2019,January-March,Alabama,5500,650,12,800,200,4
2019,January-March,California,1580000,235000,15,83000,86000,5
2019,January-March,Florida,315000,46000,15,41000,16500,5
2019,January-March,Georgia,129000,14500,11,19500,8000,6
2019,January-March,Hawaii,16500,390,2,660,3700,22
2019,January-March,Idaho,145000,12500,9,4600,1100,1
2019,January-March,Illinois,9000,2300,26,210,80,1
2019,January-March,Indiana,6000,710,12,440,280,5
2019,January-March,Iowa,11500,1600,14,170,140,1
2019,January-March,Kansas,4500,1500,33,370,110,2
2019,January-March,Kentucky,4400,890,20,60,30,1
2019,January-March,Louisiana,51000,3500,7,9000,16000,31
2019,January-March,Massachusetts,3800,680,18,60,20,1
2019,January-March,Minnesota,43000,2200,5,80,470,1
2019,January-March,Mississippi,29000,2400,8,3800,1700,6
2019,January-March,Missouri,8500,1100,13,80,60,1
2019,January-March,Montana,68000,3500,5,1700,1900,3
2019,January-March,New Jersey,6000,310,5,130,60,1
2019,January-March,North Carolina,14500,1700,12,750,890,6
2019,January-March,Ohio,12500,3500,28,1700,440,4
2019,January-March,Oregon,95000,7500,8,8000,1800,2
2019,January-March,Pennsylvania,15000,2900,19,370,320,2
2019,January-March,South Carolina,13000,690,5,2000,340,3
2019,January-March,Tennessee,7000,1500,21,240,320,5
2019,January-March,Texas,330000,17000,5,61000,35000,11
2019,January-March,Virginia,5500,1100,20,80,110,2
2019,January-March,Washington,75000,7000,9,5500,2200,3
2019,January-March,West Virginia,7000,1300,19,20,60,1
2019,January-March,Wisconsin,17000,3700,22,580,100,1
2019,July-September,Alabama,7000,990,14,160,330,5
2019,July-September,Arizona,30000,2000,7,5500,3800,13
2019,July-September,Arkansas,21000,2100,10,170,680,3
2019,July-September,California,700000,93000,13,87000,108000,15
2019,July-September,Colorado,36000,9500,26,2200,3400,9
2019,July-September,Connecticut,4400,200,5,70,470,11
2019,July-September,Florida,240000,20000,8,46000,33000,14
2019,July-September,Georgia,118000,13000,11,12000,36000,31
2019,July-September,Hawaii,17000,200,1,200,6000,35
2019,July-September,Idaho,111000,10500,9,8500,12500,11
2019,July-September,Illinois,13500,940,7,460,1300,10
2019,July-September,Indiana,16000,1000,6,2200,1500,9
2019,July-September,Iowa,33000,3400,10,2000,4800,15
2019,July-September,Kansas,7500,1900,25,190,400,5
2019,July-September,Kentucky,8500,850,10,700,430,5
2019,July-September,Louisiana,44000,4100,9,4400,13000,30
2019,July-September,Maine,12000,1100,9,460,3500,29
2019,July-September,Maryland,7500,790,11,720,1200,16
2019,July-September,Massachusetts,13500,1100,8,800,560,4
2019,July-September,Michigan,99000,11000,11,3000,3300,3
2019,July-September,Minnesota,129000,21000,16,5000,2100,2
2019,July-September,Mississippi,23000,2900,13,550,850,4
2019,July-September,Missouri,10500,500,5,260,350,3
2019,July-September,Montana,154000,18500,12,3600,12500,8
2019,July-September,Nebraska,41000,3700,9,680,1400,3
2019,July-September,New Jersey,16000,680,4,650,3100,19
2019,July-September,New Mexico,5500,170,3,1000,550,10
2019,July-September,New York,69000,8500,12,3200,3700,5
2019,July-September,North Carolina,22000,2700,12,1800,5000,23
2019,July-September,North Dakota,530000,81000,15,15000,17500,3
2019,July-September,Ohio,19500,1600,8,2800,3000,15
2019,July-September,Oklahoma,7500,930,12,130,1100,15
2019,July-September,Oregon,118000,8000,7,6000,21000,18
2019,July-September,Pennsylvania,20000,980,5,1800,1900,10
2019,July-September,South Carolina,14500,2200,15,2000,1400,10
2019,July-September,South Dakota,255000,51000,20,1300,8000,3
2019,July-September,Tennessee,14000,4500,32,2200,2200,16
2019,July-September,Texas,133000,11000,8,6500,7000,5
2019,July-September,Utah,29000,2800,10,3500,1700,6
2019,July-September,Vermont,7000,120,2,80,490,7
2019,July-September,Virginia,9000,570,6,350,820,9
2019,July-September,Washington,97000,21000,22,12000,10000,10
2019,July-September,West Virginia,10000,1100,11,200,1100,11
2019,July-September,Wisconsin,63000,6500,10,2400,10000,16
2019,July-September,Wyoming,27000,3000,11,2500,3500,13
2019,July-September,Other States,13900,2080,15,320,900,6
2019,October-December,Alabama,6000,660,11,240,70,1
2019,October-December,Arizona,36000,7000,19,300,300,1
2019,October-December,Arkansas,19500,1600,8,430,310,2
2019,October-December,California,1300000,136000,10,160000,37000,3
2019,October-December,Colorado,27000,8000,30,1100,440,2
2019,October-December,Connecticut,4000,300,8,10,50,1
2019,October-December,Florida,300000,30000,10,28000,15000,5
2019,October-December,Georgia,131000,20000,15,10500,10500,8
2019,October-December,Idaho,196000,15500,8,1800,1000,1
2019,October-December,Illinois,13000,1700,13,1000,1500,12
2019,October-December,Indiana,17500,1300,7,160,180,1
2019,October-December,Iowa,32000,7500,23,1500,530,2
2019,October-December,Kansas,4900,650,13,190,460,9
2019,October-December,Kentucky,8500,410,5,190,170,2
2019,October-December,Maryland,8000,1100,14,390,420,5
2019,October-December,Massachusetts,5000,1200,24,60,130,3
2019,October-December,Michigan,84000,6500,8,820,1500,2
2019,October-December,Montana,79000,7000,9,770,4000,5
2019,October-December,New Jersey,15500,220,1,60,80,1
2019,October-December,New York,65000,10000,15,630,510,1
2019,October-December,North Carolina,18000,3200,18,240,770,4
2019,October-December,North Dakota,420000,27000,6,3000,4300,1
2019,October-December,Ohio,19000,2700,14,800,390,2
2019,October-December,Oregon,130000,15000,12,650,2000,2
2019,October-December,Pennsylvania,21000,3800,18,1600,1100,5
2019,October-December,South Carolina,13500,1900,14,1400,430,3
2019,October-December,Tennessee,11000,1300,12,20,70,1
2019,October-December,Texas,240000,17500,7,8000,1700,1
2019,October-December,Vermont,7000,190,3,100,270,4
2019,October-December,Virginia,8000,1200,15,10,190,2
2019,October-December,West Virginia,8000,1500,19,30,1600,20
2019,October-December,Wisconsin,46000,8500,18,1800,3000,7
2019,October-December,Wyoming,28000,3300,12,100,490,2
2020,January-March,Alabama,8000,410,5,1000,780,10
2020,January-March,California,1710000,230000,13,240000,66000,4
2020,January-March,Colorado,16000,650,4,850,500,3
2020,January-March,Florida,310000,30000,10,41000,8000,3
2020,January-March,Georgia,121000,14500,12,32000,22000,18
2020,January-March,Hawaii,16000,1500,9,1000,2200,14
2020,January-March,Idaho,168000,18500,11,4400,920,1
2020,January-March,Illinois,13000,2100,16,900,160,1
2020,January-March,Indiana,11500,1600,14,880,420,4
2020,January-March,Iowa,21000,1600,8,1200,420,2
2020,January-March,Kansas,7000,750,11,1200,130,2
2020,January-March,Kentucky,10500,1200,11,1500,120,1
2020,January-March,Louisiana,48000,4800,10,9000,20000,42
2020,January-March,Massachusetts,4000,350,9,600,100,3
2020,January-March,Mississippi,28000,5000,18,16000,660,2
2020,January-March,New Jersey,7000,250,4,110,40,1
2020,January-March,New York,36000,3700,10,230,370,1
2020,January-March,North Carolina,23000,2200,10,3000,490,2
2020,January-March,Ohio,20000,5500,28,840,1100,6
2020,January-March,Oregon,108000,4800,4,9000,1700,2
2020,January-March,Pennsylvania,24000,1000,4,1100,320,1
2020,January-March,South Carolina,16500,800,5,3500,1100,7
2020,January-March,Tennessee,14000,1500,11,1000,130,1
2020,January-March,Texas,340000,35000,10,83000,24000,7
2020,January-March,Virginia,7000,1100,16,1600,60,1
2020,January-March,West Virginia,8000,1100,14,450,680,9
2020,January-March,Wisconsin,26000,1500,6,2000,370,1
2020,April-June,Alabama,8500,4100,48,4700,2620,31
2020,April-June,Arizona,26000,1300,5,14000,4700,18
2020,April-June,Arkansas,17000,1900,11,5000,800,5
2020,April-June,California,1200000,74000,6,184000,240000,20
2020,April-June,Colorado,27000,2100,8,6000,2800,10
2020,April-June,Connecticut,4300,30,1,1200,480,11
2020,April-June,Florida,325000,39000,12,36000,23000,7
2020,April-June,Georgia,143000,10000,7,19500,19000,13
2020,April-June,Idaho,81000,14500,18,32000,29000,36
2020,April-June,Illinois,12000,1500,13,4200,1700,14
2020,April-June,Indiana,12000,920,8,4300,3200,27
2020,April-June,Iowa,29000,3600,12,14500,4700,16
2020,April-June,Kansas,8000,440,6,1800,1800,23
2020,April-June,Kentucky,11000,1200,11,4200,3500,32
2020,April-June,Louisiana,53000,1800,3,2200,4700,9
2020,April-June,Maine,22000,1300,6,520,110,1
2020,April-June,Maryland,8000,680,9,4500,1700,21
2020,April-June,Massachusetts,13500,740,5,980,590,4
2020,April-June,Michigan,79000,2600,3,9500,10000,13
2020,April-June,Minnesota,126000,6500,5,20000,2600,2
2020,April-June,Mississippi,37000,3000,8,3700,570,2
2020,April-June,Missouri,6500,390,6,2900,1200,18
2020,April-June,Montana,120000,3800,3,14000,16500,14
2020,April-June,Nebraska,39000,1800,5,7000,1100,3
2020,April-June,New Jersey,20000,760,4,1600,720,4
2020,April-June,New Mexico,6000,50,1,250,60,1
2020,April-June,New York,56000,4900,9,6500,3300,6
2020,April-June,North Carolina,25000,1600,6,6000,1300,5
2020,April-June,North Dakota,395000,17500,4,29000,37000,9
2020,April-June,Ohio,16500,1700,10,9500,3700,22
2020,April-June,Oklahoma,16000,1500,9,6000,3100,19
2020,April-June,Oregon,95000,2500,3,10500,19000,20
2020,April-June,Pennsylvania,27000,1000,4,6000,1700,6
2020,April-June,South Carolina,20000,1700,9,2700,2500,13
2020,April-June,South Dakota,205000,4600,2,8500,14500,7
2020,April-June,Tennessee,13500,1200,9,4200,3200,24
2020,April-June,Texas,385000,25000,6,75000,136000,35
2020,April-June,Utah,31000,2700,9,7000,13500,44
2020,April-June,Vermont,7000,260,4,700,130,2
2020,April-June,Virginia,8000,1200,15,4800,1300,16
2020,April-June,Washington,114000,3100,3,5000,3300,3
2020,April-June,West Virginia,7500,570,8,1600,1500,20
2020,April-June,Wisconsin,53000,1700,3,11500,4600,9
2020,April-June,Wyoming,24000,1600,7,2300,2100,9
2020,April-June,Other States,7440,250,3,1270,1500,20
2020,July-September,Alabama,19000,3700,19,1800,990,5
2020,July-September,Arizona,30000,8000,27,2600,1800,6
2020,July-September,Arkansas,22000,1700,8,1500,390,2
2020,July-September,California,700000,69000,10,61000,108000,15
2020,July-September,Colorado,29000,7000,24,3800,5500,19
2020,July-September,Connecticut,4700,300,6,130,150,3
2020,July-September,Florida,230000,29000,13,36000,31000,13
2020,July-September,Georgia,163000,23000,14,22000,35000,21
2020,July-September,Hawaii,18500,500,3,4000,3400,18
2020,July-September,Idaho,85000,11000,13,18500,8500,10
2020,July-September,Illinois,14000,1400,10,770,690,5
2020,July-September,Indiana,15000,1600,11,1200,2700,18
2020,July-September,Iowa,38000,1800,5,1100,2900,8
2020,July-September,Kansas,7000,910,13,600,730,10
2020,July-September,Kentucky,12000,1400,12,800,510,4
2020,July-September,Louisiana,48000,2600,5,1200,3100,6
2020,July-September,Maine,10000,1500,15,700,820,8
2020,July-September,Maryland,7500,690,9,1200,220,3
2020,July-September,Massachusetts,11000,330,3,840,810,7
2020,July-September,Michigan,106000,34000,32,37000,11000,10
2020,July-September,Minnesota,119000,10500,9,1800,3700,3
2020,July-September,Missouri,8000,730,9,290,820,10
2020,July-September,Montana,139000,8500,6,6500,28000,20
2020,July-September,Nebraska,48000,4300,9,3000,3100,6
2020,July-September,New Jersey,18500,2300,12,1500,1800,10
2020,July-September,New Mexico,5500,1600,29,3300,760,14
2020,July-September,New York,61000,3600,6,5500,1600,3
2020,July-September,North Carolina,27000,4600,17,950,5500,20
2020,July-September,North Dakota,495000,53000,11,57000,33000,7
2020,July-September,Ohio,22000,1900,9,730,2100,10
2020,July-September,Oklahoma,8000,1100,14,150,930,12
2020,July-September,Oregon,124000,12000,10,13000,28000,23
2020,July-September,Pennsylvania,27000,2200,8,2500,1200,4
2020,July-September,South Carolina,13500,1800,13,1200,2200,16
2020,July-September,South Dakota,235000,66000,28,30000,12500,5
2020,July-September,Tennessee,15000,2200,15,460,860,6
2020,July-September,Texas,173000,9500,5,9000,7500,4
2020,July-September,Utah,30000,2000,7,1500,2300,8
2020,July-September,Vermont,7500,210,3,700,180,2
2020,July-September,Virginia,8500,1200,14,910,730,9
2020,July-September,Washington,104000,7000,7,5000,8500,8
2020,July-September,West Virginia,8000,540,7,210,800,10
2020,July-September,Wisconsin,68000,8000,12,970,9000,13
2020,July-September,Wyoming,34000,3600,11,640,7500,22
2020,July-September,Other States,11630,2080,18,2230,700,6
2020,October-December,Arizona,27000,4000,15,5500,600,2
2020,October-December,Arkansas,23000,2100,9,380,780,3
2020,October-December,California,1400000,164000,12,120000,58000,4
2020,October-December,Florida,290000,29000,10,50000,17500,6
2020,October-December,Georgia,174000,30000,17,11000,11000,6
2020,October-December,Hawaii,22000,2700,12,200,370,2
2020,October-December,Idaho,180000,19000,11,8000,1700,1
2020,October-December,Illinois,13000,1700,13,330,410,3
2020,October-December,Indiana,11000,930,8,240,260,2
2020,October-December,Iowa,38000,4800,13,700,850,2
2020,October-December,Kansas,7000,2400,34,460,170,2
2020,October-December,Kentucky,11500,1100,10,380,520,5
2020,October-December,Louisiana,52000,1700,3,30,620,1
2020,October-December,Maine,9000,100,1,180,250,3
2020,October-December,Maryland,8000,980,12,60,460,6
2020,October-December,Massachusetts,10000,390,4,270,90,1
2020,October-December,Michigan,101000,10500,10,2400,1600,2
2020,October-December,Missouri,7000,750,11,20,110,2
2020,October-December,Nebraska,43000,7000,16,280,2500,6
2020,October-December,New Jersey,18000,310,2,2000,480,3
2020,October-December,New Mexico,3600,190,5,80,50,1
2020,October-December,New York,52000,4100,8,2400,5000,10
2020,October-December,North Carolina,22000,2500,11,200,9000,41
2020,October-December,Ohio,21000,1600,8,10,490,2
2020,October-December,Oregon,123000,15500,13,7000,2600,2
2020,October-December,Pennsylvania,25000,1900,8,580,440,2
2020,October-December,South Carolina,18500,2600,14,270,210,1
2020,October-December,Tennessee,13500,680,5,20,640,5
2020,October-December,Texas,255000,43000,17,27000,1700,1
2020,October-December,Virginia,8500,1000,12,70,450,5
2020,October-December,Washington,103000,16500,16,6000,2000,2
2020,October-December,West Virginia,7500,550,7,120,800,11
2020,October-December,Wisconsin,60000,8000,13,2800,4700,8
2020,October-December,Wyoming,25000,1600,6,160,380,2
2020,October-December,Other States,10740,2470,23,80,1300,12
2021,January-March,Alabama,10000,1200,12,670,200,2
2021,January-March,Arizona,29000,7000,24,3500,180,1
2021,January-March,Arkansas,21000,2200,10,790,130,1
2021,January-March,California,1550000,193000,12,76000,84000,5
2021,January-March,Connecticut,4200,780,19,350,50,1
2021,January-March,Florida,305000,31000,10,42000,17000,6
2021,January-March,Georgia,120000,20000,17,34000,14500,12
2021,January-March,Hawaii,19500,900,5,2400,1600,8
2021,January-March,Idaho,171000,15000,9,9000,8500,5
2021,January-March,Illinois,12500,3000,24,3300,200,2
2021,January-March,Kentucky,9500,2100,22,2500,80,1
2021,January-March,Louisiana,53000,7500,14,1100,3000,6
2021,January-March,Maine,2900,300,10,60,80,3
2021,January-March,Maryland,7000,1200,17,590,240,3
2021,January-March,Massachusetts,5000,1000,20,30,90,2
2021,January-March,Michigan,78000,1500,2,320,4100,5
2021,January-March,Mississippi,36000,5500,15,14500,3800,11
2021,January-March,Missouri,5500,1500,27,780,40,1
2021,January-March,New Jersey,14000,360,3,610,80,1
2021,January-March,New York,30000,4900,16,3400,380,1
2021,January-March,North Carolina,21000,2100,10,2700,110,1
2021,January-March,Oklahoma,28000,2600,9,4100,360,1
2021,January-March,Oregon,79000,3100,4,2600,610,1
2021,January-March,South Carolina,18500,1200,6,930,190,1
2021,January-March,Tennessee,13000,2200,17,960,310,2
2021,January-March,Texas,345000,23000,7,56000,13000,4
2021,January-March,Vermont,7500,1300,17,670,70,1
2021,January-March,Virginia,7000,1400,20,2300,50,1
2021,January-March,Washington,67000,6000,9,5500,850,1
2021,January-March,West Virginia,7500,1200,16,1700,720,10
2021,January-March,Wyoming,14500,1700,12,500,1200,8
2021,January-March,Other States,6640,540,8,600,70,1
2021,April-June,Alabama,9500,2700,28,2800,930,10
2021,April-June,Arizona,26000,4200,16,8500,7500,29
2021,April-June,Arkansas,12000,1600,13,9000,6000,50
2021,April-June,California,1060000,64000,6,200000,180000,17
2021,April-June,Colorado,22000,5500,25,4800,1100,5
2021,April-June,Connecticut,4000,60,2,960,400,10
2021,April-June,Florida,300000,33000,11,52000,31000,10
2021,April-June,Georgia,136000,20000,15,25000,18500,14
2021,April-June,Hawaii,21000,630,3,460,1200,6
2021,April-June,Idaho,120000,19500,16,40000,19000,16
2021,April-June,Illinois,13000,1100,8,3700,2100,16
2021,April-June,Indiana,12500,560,4,4000,1000,8
2021,April-June,Iowa,27000,2200,8,10500,3900,14
2021,April-June,Kansas,8000,870,11,4900,1600,20
2021,April-June,Kentucky,11500,270,2,2100,4500,39
2021,April-June,Louisiana,30000,2300,8,8000,2000,7
2021,April-June,Maine,18000,1100,6,430,260,1
2021,April-June,Maryland,7500,320,4,2600,690,9
2021,April-June,Massachusetts,10000,810,8,1400,310,3
2021,April-June,Michigan,97000,3500,4,10000,8000,8
2021,April-June,Minnesota,98000,5500,6,28000,4000,4
2021,April-June,Mississippi,35000,4800,14,9000,8000,23
2021,April-June,Missouri,4800,670,14,2000,670,14
2021,April-June,Montana,116000,3100,3,13500,15500,13
2021,April-June,Nebraska,37000,1800,5,8500,810,2
2021,April-June,New Jersey,19500,410,2,1400,140,1
2021,April-June,New Mexico,5500,540,10,80,2300,42
2021,April-June,New York,50000,3000,6,14500,4100,8
2021,April-June,North Carolina,23000,1700,7,6000,3300,14
2021,April-June,North Dakota,395000,4400,1,4800,3500,1
2021,April-June,Ohio,13500,820,6,6500,2400,18
2021,April-June,Oklahoma,17000,3600,21,4200,190,1
2021,April-June,Oregon,84000,3300,4,25000,19500,23
2021,April-June,Pennsylvania,23000,2100,9,7000,2800,12
2021,April-June,South Carolina,19500,1800,9,4100,5000,26
2021,April-June,South Dakota,198000,6500,3,39000,19000,10
2021,April-June,Tennessee,12000,720,6,4800,3400,28
2021,April-June,Texas,425000,34000,8,65000,72000,17
2021,April-June,Utah,31000,3500,11,8500,3900,13
2021,April-June,Vermont,7000,40,1,770,570,8
2021,April-June,Virginia,8500,530,6,3100,820,10
2021,April-June,Washington,122000,2900,2,9500,2600,2
2021,April-June,West Virginia,9000,170,2,1900,390,4
2021,April-June,Wisconsin,57000,2200,4,9000,7500,13
2021,April-June,Wyoming,30000,3400,11,7500,4900,16
2021,April-June,Other States,8410,140,2,2890,3100,37
